dates,satname,nzd0051-0000,nzd0051-0001,nzd0051-0002,nzd0051-0003,nzd0051-0004,nzd0051-0005,nzd0051-0006,nzd0051-0007
1999-08-17 22:10:26.276000,L7,365.22,329.35,323.53,343.39,346.72,337.85,304.17,308.15
1999-09-27 22:04:25.056000,L7,354.03,315.40,321.67,342.09,351.82,339.23,322.97,274.11
1999-10-04 22:10:38.131000,L7,366.68,305.88,317.10,330.24,342.97,338.21,303.96,320.91
1999-11-14 22:04:18.343000,L7,352.06,311.50,293.46,343.56,354.08,319.21,308.93,330.67
1999-11-30 22:04:11.332000,L7,312.15,198.76,258.87,337.68,353.39,314.89,305.01,327.18
2000-01-01 22:04:13.486000,L7,302.92,198.39,345.64,249.58,239.58,226.67,,
2000-01-17 22:04:11.868000,L7,,,,,388.75,393.26,396.36,385.03
2000-02-09 22:10:19.398000,L7,408.02,408.62,420.90,423.44,425.98,428.01,415.44,398.18
2000-02-18 22:04:05.276000,L7,,,,,,,293.25,314.17
2000-04-29 22:09:53.797000,L7,,,,321.47,270.01,298.38,284.42,
2000-05-15 22:09:42.527000,L7,318.51,309.28,271.99,337.38,341.80,331.18,302.58,297.65
2000-05-24 22:03:22.722000,L7,348.66,315.62,328.90,351.38,352.08,348.74,323.38,331.90
2000-08-03 22:08:44.137000,L7,365.93,340.84,369.61,373.67,348.46,346.09,329.24,302.24
2000-08-12 22:02:30.151000,L7,316.80,311.25,299.30,340.47,343.01,337.87,314.98,319.01
2000-08-19 22:08:38.248000,L7,326.04,311.38,317.78,339.10,338.99,322.14,290.49,276.67
2000-09-04 22:08:22.800000,L7,321.25,332.51,324.75,337.94,339.51,325.92,293.12,292.28
2000-09-13 22:02:02.316000,L7,347.37,299.03,315.87,345.72,354.35,322.65,323.07,326.66
2000-10-15 22:01:32.252000,L7,,,,,,,,252.76
2000-10-22 22:07:50.487000,L7,491.75,415.13,,,443.99,422.01,343.92,311.72
2000-11-07 22:07:53.532000,L7,,,,242.91,243.97,301.51,283.99,247.36
2001-02-27 22:07:54.461000,L7,314.58,279.20,258.62,334.62,246.95,302.91,277.27,
2001-03-08 22:01:45.126000,L7,320.91,282.40,261.43,338.43,345.87,315.39,304.50,328.21
2001-03-15 22:07:52.114000,L7,,499.71,440.49,422.73,420.35,363.99,363.30,315.15
2001-03-24 22:01:35.778000,L7,309.69,306.02,311.96,341.67,349.17,335.61,316.98,329.21
2001-06-03 22:07:16.736000,L7,327.07,316.50,322.41,341.50,340.25,331.94,301.77,296.50
2001-06-19 22:07:05.722000,L7,338.27,333.97,341.23,344.36,347.53,344.56,312.57,316.43
2001-08-15 22:00:14.727000,L7,303.02,283.09,314.75,337.01,343.93,335.97,317.43,327.31
2001-09-07 22:06:11.116000,L7,329.72,318.04,321.04,340.76,343.77,314.31,298.19,310.35
2001-11-19 21:59:56.393000,L7,297.10,218.39,261.71,336.51,341.91,316.95,305.37,301.68
2001-12-05 21:59:55.034000,L7,282.68,200.62,254.88,325.44,344.40,312.96,300.73,303.89
2001-12-21 22:00:05.972000,L7,309.50,206.31,260.54,339.30,351.85,318.02,312.68,330.55
2001-12-28 22:06:14.106000,L7,427.91,454.31,387.02,349.06,378.66,384.34,376.93,368.01
2002-01-22 22:00:16.971000,L7,308.06,250.37,258.82,333.94,344.88,312.32,311.51,328.22
2002-01-29 22:06:21.478000,L7,401.64,407.18,402.77,408.29,394.28,398.40,391.20,397.62
2002-02-14 22:06:29.522000,L7,,,260.17,335.16,339.67,304.94,276.60,307.48
2002-02-23 22:00:19.685000,L7,311.00,310.18,315.93,350.17,350.33,318.12,309.68,330.18
2002-03-27 22:00:13.634000,L7,306.72,319.05,263.41,345.50,348.17,334.48,312.49,329.92
2002-04-28 22:00:14.417000,L7,300.85,268.65,315.24,334.16,243.50,333.86,316.78,
2002-06-15 21:59:55.710000,L7,308.48,297.57,323.67,342.95,344.96,338.92,318.53,303.42
2002-07-08 22:06:00.488000,L7,329.94,311.98,326.28,343.47,345.23,342.32,313.02,316.45
2002-07-17 21:59:44.793000,L7,302.61,296.97,326.56,338.63,343.94,342.96,322.87,329.44
2002-07-24 22:05:50.655000,L7,396.67,399.23,399.20,545.31,507.69,507.52,376.48,443.43
2002-09-19 21:59:11.129000,L7,,,256.69,340.01,344.30,317.34,304.42,
2002-10-12 22:05:14.598000,L7,330.69,322.50,305.51,340.52,346.80,313.53,294.71,314.55
2002-10-28 22:05:22.323000,L7,334.44,324.35,317.00,344.22,346.44,307.52,295.13,309.91
2002-11-13 22:05:30.425000,L7,239.93,276.09,312.31,359.78,398.54,388.18,382.16,377.62
2002-11-22 21:59:33.639000,L7,399.45,400.71,,,,,,
2003-01-09 21:59:45.950000,L7,317.45,305.54,257.67,336.65,346.50,313.30,295.11,321.65
2003-01-16 22:06:02.914000,L7,325.40,277.85,259.66,331.56,338.06,299.59,277.92,301.98
2003-03-30 22:00:07.079000,L7,,,254.95,328.09,310.53,307.53,286.68,
2003-04-06 22:06:21.012000,L7,325.92,321.52,323.14,335.09,341.61,306.66,293.27,294.86
2003-04-22 22:06:19.091000,L7,325.46,314.40,293.59,343.48,345.61,333.01,296.79,299.83
2003-05-08 22:06:20.773000,L7,,,,184.01,232.62,297.47,310.26,304.83
2003-05-24 22:06:17.162000,L7,322.73,325.23,328.56,343.34,344.54,338.26,305.00,308.45
2003-08-29 21:48:38.429000,L5,290.90,282.02,317.72,334.08,234.88,309.77,314.80,267.16
2003-09-30 21:49:06.317000,L5,278.10,270.53,299.69,318.62,197.86,300.00,304.82,253.99
2003-12-26 21:56:18.593000,L5,306.52,284.46,263.29,294.11,280.03,296.32,279.60,266.47
2004-04-16 21:57:19.749000,L5,301.95,262.73,255.43,279.09,,,,
2004-05-18 21:58:14.785000,L5,320.19,312.45,328.97,330.15,310.83,311.49,291.47,270.94
2004-06-12 21:52:47.645000,L5,276.62,237.26,199.15,225.00,,,,
2004-07-21 22:00:04.249000,L5,317.17,282.60,331.35,304.09,222.72,316.91,293.45,
2004-07-30 21:54:04.170000,L5,291.83,257.09,307.36,320.33,200.85,296.92,290.88,
2004-09-16 21:55:17.605000,L5,333.38,329.35,350.02,356.64,362.58,360.58,354.54,310.39
2004-10-18 21:55:59.918000,L5,,245.48,313.12,323.76,227.73,307.93,316.53,268.96
2004-11-19 21:56:31.297000,L5,352.33,345.40,365.83,376.97,375.24,375.76,380.36,354.58
2005-01-13 22:03:41.143000,L5,368.22,365.09,371.14,378.22,368.16,367.11,362.89,346.37
2005-02-07 21:57:51.236000,L5,285.79,267.82,269.96,306.97,238.56,303.05,258.27,255.45
2005-02-14 22:04:09.465000,L5,366.71,370.47,373.65,384.09,376.31,373.89,366.89,348.45
2005-02-23 21:58:07.648000,L5,373.07,381.91,384.57,389.13,387.88,391.34,390.18,375.76
2005-03-02 22:04:24.338000,L5,,,201.82,270.60,222.93,297.28,266.62,274.24
2005-03-11 21:58:20.185000,L5,,,,345.16,339.01,334.72,345.68,292.44
2005-03-27 21:58:27.646000,L5,343.53,343.97,353.73,364.79,362.16,363.76,364.50,335.73
2005-04-03 22:04:40.528000,L5,336.48,319.09,324.50,343.38,336.90,334.97,330.39,283.88
2005-04-12 21:58:31.220000,L5,281.22,245.82,202.71,268.25,222.36,293.19,284.07,268.78
2005-04-19 22:04:43.597000,L5,297.50,221.01,252.27,232.54,240.86,293.13,264.79,
2005-05-05 22:04:49.813000,L5,303.12,270.93,262.05,288.95,292.88,299.98,210.61,
2005-06-06 22:05:05.724000,L5,305.22,304.05,325.83,216.80,230.35,305.79,287.00,272.10
2005-07-08 22:05:15.796000,L5,314.02,279.41,319.39,275.77,224.90,298.53,,
2005-07-17 21:59:11.604000,L5,257.90,198.20,200.20,278.77,,,,
2005-08-25 22:05:41.221000,L5,315.57,321.03,327.79,319.86,221.81,325.26,285.05,263.97
2005-09-26 22:05:42.687000,L5,351.22,349.33,358.08,364.70,354.07,356.29,349.08,296.03
2005-10-05 21:59:29.384000,L5,327.31,319.80,355.15,431.78,376.61,220.91,235.74,266.11
2005-11-13 22:05:57.059000,L5,309.37,313.76,328.84,298.74,305.67,311.89,311.68,264.73
2005-11-22 21:59:59.141000,L5,329.87,322.12,344.10,358.20,351.08,350.23,355.15,297.62
2006-02-10 22:01:51.332000,L5,342.24,336.80,351.38,360.86,353.83,361.05,356.05,320.82
2006-03-14 22:02:31.280000,L5,347.08,342.48,354.79,367.62,361.53,362.19,363.75,342.24
2006-04-06 22:09:08.139000,L5,290.65,280.13,300.44,207.70,231.82,303.15,278.48,
2006-05-01 22:03:21.687000,L5,260.78,218.02,338.77,345.76,345.78,339.74,347.00,302.11
2006-05-17 22:03:33.996000,L5,,,309.59,242.83,,,,
2006-06-25 22:10:20.606000,L5,331.38,327.10,343.22,340.28,327.80,331.67,325.93,276.32
2006-08-12 22:10:59.603000,L5,325.27,322.26,333.59,332.25,223.79,326.81,314.13,
2006-08-21 22:04:55.513000,L5,298.28,274.24,320.75,319.06,201.52,,,
2006-09-29 22:11:34.525000,L5,347.60,352.22,359.91,366.62,355.59,356.25,354.99,303.26
2006-11-25 22:06:19.953000,L5,378.33,371.85,397.82,412.48,419.72,425.20,438.43,434.60
2006-12-02 22:12:34.352000,L5,375.61,387.76,393.48,400.29,396.42,400.98,404.41,
2006-12-11 22:06:28.205000,L5,368.37,384.08,401.18,421.05,424.53,439.64,418.60,555.32
2007-01-19 22:12:30.924000,L5,340.52,353.41,337.13,299.63,322.98,354.80,353.39,300.20
2007-02-13 22:06:23.395000,L5,308.88,289.75,325.62,337.14,326.20,326.19,328.54,
2007-09-25 22:04:24.972000,L5,332.18,326.01,346.62,357.33,352.70,353.59,351.17,311.84
2007-10-02 22:10:31.289000,L5,311.95,322.72,332.21,,,,,
2008-11-21 22:01:05.982000,L5,344.70,349.06,359.22,369.51,352.26,348.90,345.34,293.21
2009-01-01 21:56:07.642000,L5,342.24,334.14,358.28,368.39,360.93,362.33,362.34,322.85
2009-01-24 22:02:55.057000,L5,377.14,375.30,382.56,389.33,382.77,381.43,375.29,370.15
2009-02-02 21:56:58.438000,L5,,,266.08,274.54,229.02,267.75,290.65,262.65
2009-12-03 22:01:55.950000,L5,339.25,322.13,328.12,363.78,356.04,354.12,357.67,307.23
2010-01-27 22:08:26.527000,L5,,291.41,282.32,319.01,315.89,318.36,301.09,275.47
2010-02-12 22:08:30.110000,L5,290.86,214.74,240.39,,,,,
2010-10-10 22:07:36.102000,L5,389.08,369.92,407.09,419.88,321.75,369.92,382.86,339.39
2010-11-27 22:07:24.215000,L5,351.62,338.67,347.94,360.84,350.02,350.75,348.88,303.51
2010-12-06 22:01:12.836000,L5,351.98,323.47,327.41,353.88,344.66,335.99,344.50,291.51
2011-01-14 22:07:31.728000,L5,364.02,361.76,363.23,370.13,366.46,365.53,359.41,311.97
2011-03-12 22:01:19.581000,L5,339.71,326.14,344.43,356.26,352.34,350.31,355.17,317.17
2011-08-19 22:00:12.535000,L5,297.67,250.00,269.00,284.54,200.28,,,265.61
2011-09-04 22:00:03.630000,L5,290.34,261.16,296.94,317.24,214.49,291.00,297.04,
2013-04-25 22:19:21.025000,L8,330.31,333.57,318.63,262.61,243.74,315.79,291.21,
2013-05-11 22:19:31.249000,L8,336.93,337.63,336.75,351.46,274.38,253.74,303.83,287.27
2013-05-20 22:13:26.604000,L8,320.83,325.89,330.66,351.06,339.06,330.82,319.84,297.01
2013-06-05 22:13:27.306000,L8,319.50,318.69,329.61,307.64,336.52,328.01,313.90,
2013-06-28 22:19:33.252000,L8,331.07,320.56,270.40,225.42,238.03,323.75,284.77,
2013-07-07 22:13:24.262000,L8,323.30,319.32,330.16,350.40,338.85,329.85,315.24,287.58
2013-07-14 22:19:34.707000,L8,337.73,334.96,333.47,354.27,338.65,337.60,203.52,
2013-09-09 22:13:25.749000,L8,,326.41,342.58,353.49,348.43,355.89,352.35,298.56
2013-09-25 22:13:17.289000,L8,318.66,319.50,326.32,350.94,339.89,329.49,322.45,292.63
2013-10-02 22:19:28.820000,L8,350.25,355.42,362.78,369.08,361.13,362.25,357.13,304.86
2013-10-11 22:13:17.650000,L8,311.01,298.33,309.99,334.04,316.33,326.82,316.30,292.18
2013-10-18 22:19:25.762000,L8,347.27,352.62,356.47,367.61,353.86,357.83,354.35,303.59
2013-10-27 22:13:07.896000,L8,315.26,297.39,296.77,,,,,285.60
2013-11-03 22:19:20.378000,L8,298.15,213.82,,,,,306.03,287.04
2013-11-12 22:13:08.247000,L8,309.29,294.53,296.88,319.32,329.26,263.09,185.78,205.09
2013-12-05 22:19:13.005000,L8,316.14,290.50,263.51,246.13,242.19,314.12,219.49,275.59
2013-12-14 22:12:57.636000,L8,336.01,339.18,353.63,363.32,359.92,364.07,366.73,324.05
2014-01-06 22:18:54.881000,L8,320.89,296.26,262.55,276.19,247.07,316.10,278.53,275.35
2014-01-15 22:12:33.689000,L8,336.11,345.09,355.93,370.08,368.18,371.39,371.14,349.38
2014-01-31 22:12:28.855000,L8,306.94,285.32,260.78,226.74,316.12,322.81,294.48,289.62
2014-02-07 22:18:33.391000,L8,276.04,296.87,265.87,277.74,246.71,310.97,278.36,280.46
2014-02-23 22:18:20.398000,L8,346.16,352.24,358.09,367.73,353.66,355.87,352.31,303.91
2014-03-04 22:11:59.077000,L8,316.42,301.39,313.69,280.51,,327.47,317.01,290.97
2014-03-11 22:18:08.266000,L8,341.41,334.07,306.09,237.53,348.46,349.22,346.96,301.81
2014-03-27 22:17:50.001000,L8,345.02,351.84,354.11,366.07,354.37,361.77,359.84,302.67
2014-04-05 22:11:34.747000,L8,377.11,391.03,396.80,400.84,395.20,398.45,406.33,396.40
2014-04-12 22:17:37.464000,L8,347.73,350.28,354.27,361.99,353.69,360.54,353.89,295.04
2014-04-28 22:17:22.576000,L8,333.31,295.10,271.89,322.03,330.94,315.02,294.41,277.89
2014-05-07 22:11:02.102000,L8,305.26,262.33,252.17,,,,,
2014-05-14 22:17:08.923000,L8,330.12,290.91,270.19,263.16,247.32,313.46,284.86,277.61
2014-05-30 22:17:11.184000,L8,337.15,334.12,344.06,351.50,339.72,329.93,304.30,281.87
2014-07-01 22:17:22.417000,L8,332.80,323.75,269.38,,,,,
2014-07-17 22:17:28.260000,L8,336.48,332.42,344.12,351.20,197.74,313.09,286.86,
2014-07-26 22:11:19.207000,L8,321.15,310.39,302.49,350.21,338.35,316.46,310.15,
2014-12-01 22:11:36.363000,L8,301.65,280.40,262.34,317.11,322.72,328.99,311.02,287.62
2015-01-02 22:11:27.004000,L8,282.49,194.75,253.54,232.59,225.99,266.10,,
2015-01-25 22:17:32.812000,L8,321.61,287.55,268.09,283.22,318.67,310.85,282.46,284.78
2015-02-10 22:17:27.012000,L8,322.71,282.09,265.87,271.33,312.00,308.30,284.68,276.31
2015-02-19 22:11:13.759000,L8,378.71,393.36,393.75,405.84,394.08,397.16,403.06,393.36
2015-04-24 22:10:44.446000,L8,310.28,282.64,318.36,326.08,237.76,324.39,311.05,290.42
2015-05-10 22:10:28.533000,L8,313.00,287.22,326.23,300.15,280.04,326.07,319.67,
2015-06-02 22:16:44.532000,L8,327.62,315.33,340.96,275.74,235.31,317.86,262.60,
2015-06-11 22:10:40.593000,L8,319.95,316.92,335.07,344.94,341.31,335.02,356.65,
2015-06-27 22:10:46.339000,L8,340.12,345.06,358.10,370.85,366.03,368.65,371.31,350.68
2015-07-04 22:17:02.361000,L8,329.30,321.65,271.62,235.88,236.10,239.56,,
2015-07-20 22:17:10.706000,L8,335.69,320.78,304.93,350.91,332.77,328.21,297.39,
2015-07-29 22:11:01.897000,L8,317.78,299.91,335.04,352.67,339.77,328.19,322.21,
2015-08-14 22:11:07.472000,L8,309.81,264.00,251.37,257.86,237.25,309.35,306.98,
2015-10-08 22:17:36.852000,L8,319.44,308.35,269.28,261.85,239.85,339.38,302.96,283.10
2015-10-24 22:17:40.820000,L8,343.86,351.70,362.01,366.53,360.41,359.55,356.08,303.85
2015-12-11 22:17:42.627000,L8,208.52,208.03,266.89,264.27,312.75,318.93,256.89,278.81
2015-12-20 22:11:33.546000,L8,328.61,340.88,356.58,369.01,362.83,368.95,368.57,320.97
2015-12-27 22:17:43.409000,L8,322.83,296.92,268.71,266.87,315.93,314.51,277.35,282.26
2016-01-12 22:17:40.472000,L8,323.09,300.53,268.00,279.60,329.64,318.30,288.53,280.35
2016-02-22 22:11:18.630000,L8,308.90,285.23,265.24,323.98,245.87,324.26,277.90,294.17
2016-03-09 22:11:16.948000,L8,304.21,326.23,342.20,354.33,345.55,343.65,357.90,311.83
2016-03-25 22:11:08.402000,L8,312.93,281.45,265.65,334.49,240.76,323.74,306.92,292.68
2016-05-03 22:17:13.318000,L8,386.33,395.67,406.80,420.26,419.76,421.14,410.79,407.26
2016-05-12 22:10:56.720000,L8,314.31,282.47,329.41,324.05,226.24,313.90,307.30,283.55
2016-05-19 22:17:11.230000,L8,335.19,334.84,345.64,352.13,333.93,319.19,296.00,285.37
2016-05-28 22:11:03.859000,L8,314.02,281.77,306.68,252.28,312.01,306.31,309.96,
2016-06-13 22:11:06.720000,L8,314.56,284.82,305.68,274.98,328.39,324.67,310.71,
2016-06-29 22:11:15.136000,L8,322.19,325.43,334.56,327.89,222.31,243.29,194.47,
2016-07-15 22:11:22.376000,L8,320.98,306.72,334.60,351.67,340.95,325.99,322.42,
2016-08-07 22:17:37.552000,L8,332.96,322.37,339.86,350.11,336.63,325.18,307.21,279.12
2016-08-16 22:11:29.744000,L8,316.56,299.35,322.02,349.62,339.75,326.29,323.87,294.66
2016-09-08 22:17:48.858000,L8,331.68,329.92,342.65,353.06,342.00,338.15,308.74,285.52
2016-09-24 22:17:49.840000,L8,352.52,354.94,365.23,373.35,365.06,362.56,358.46,307.38
2016-10-10 22:17:54.274000,L8,347.62,352.88,363.04,371.40,359.50,361.08,357.37,310.03
2016-11-20 22:11:45.458000,L8,333.99,347.36,360.22,375.67,371.61,375.98,371.63,347.97
2016-12-22 22:11:39.155000,L8,301.16,273.48,260.53,259.35,,314.25,297.99,280.94
2017-01-30 22:17:38.957000,L8,345.77,354.32,358.29,365.39,353.33,357.09,353.48,307.90
2017-02-24 22:11:18.074000,L8,328.72,336.35,352.31,361.20,358.16,361.59,364.56,316.66
2017-03-03 22:17:25.727000,L8,327.45,318.94,314.42,307.52,329.03,316.81,278.29,279.69
2017-03-19 22:17:15.956000,L8,330.49,332.97,342.37,349.99,243.20,316.33,300.18,
2017-03-28 22:11:00.765000,L8,312.62,305.97,325.79,326.88,338.34,331.36,320.75,300.73
2017-04-13 22:10:53.080000,L8,309.02,275.12,260.79,225.52,225.35,309.38,300.95,
2017-04-20 22:16:59.468000,L8,349.40,356.51,368.39,372.83,362.89,361.38,356.94,311.44
2017-05-06 22:16:55.401000,L8,325.36,298.17,264.78,,237.93,325.64,293.00,283.23
2017-06-16 22:11:07.889000,L8,350.92,362.82,377.48,383.10,381.71,384.12,381.87,372.83
2017-07-02 22:11:12.012000,L8,322.14,300.66,302.03,307.05,339.28,335.24,321.12,287.74
2017-07-09 22:17:23.906000,L8,341.89,337.34,343.51,355.97,343.46,342.82,305.69,287.57
2017-07-25 22:17:30.862000,L8,336.17,320.10,336.42,338.61,274.85,331.04,303.03,283.41
2017-08-03 22:11:23.994000,L8,351.07,344.03,368.62,376.32,383.04,424.26,459.35,484.39
2017-08-10 22:17:37.375000,L8,333.20,318.14,314.41,344.27,330.80,333.68,271.29,
2017-08-19 22:11:29.174000,L8,,,255.90,353.23,344.02,336.20,329.00,300.91
2017-09-11 22:17:42.311000,L8,318.08,219.65,262.69,212.53,223.21,313.48,,
2017-09-27 22:17:48.664000,L8,330.76,324.14,341.33,350.30,338.09,326.71,305.35,288.06
2017-11-30 22:17:44.511000,L8,323.17,293.94,264.64,239.62,316.19,319.61,292.42,286.27
2018-01-10 22:11:30.163000,L8,340.56,346.99,364.97,375.88,365.92,372.10,372.81,334.30
2018-01-26 22:11:21.264000,L8,329.99,337.87,354.20,364.20,359.09,364.03,367.62,320.76
2018-02-27 22:11:07.813000,L8,316.34,317.44,295.82,330.05,243.72,333.03,325.24,297.43
2018-04-07 22:16:59.037000,L8,350.08,350.15,358.43,367.82,352.39,357.93,351.82,309.82
2018-05-09 22:16:40.331000,L8,366.84,378.69,388.18,379.33,380.04,375.63,369.13,361.72
2018-05-25 22:16:28.178000,L8,335.25,305.74,271.95,238.50,237.84,316.24,293.01,
2018-06-03 22:10:11.794000,L8,313.43,304.39,296.88,269.45,328.10,311.37,316.59,
2018-06-26 22:16:36.823000,L8,336.37,306.28,310.27,257.43,240.25,307.14,285.31,
2018-08-06 22:10:46.333000,L8,318.35,290.48,264.79,343.64,333.36,330.82,315.82,
2018-08-13 22:17:01.037000,L8,326.00,283.73,265.13,224.06,,,,278.15
2018-08-29 22:17:08.269000,L8,330.81,297.45,269.98,237.32,237.24,318.20,298.12,283.59
2018-09-07 22:11:00.442000,L8,327.99,332.79,349.75,363.29,358.78,364.25,363.44,321.11
2018-10-09 22:11:13.339000,L8,317.28,318.90,334.94,351.18,344.61,331.74,330.28,304.82
2018-11-01 22:17:30.804000,L8,327.67,311.11,271.28,340.45,336.49,319.35,290.47,285.03
2018-12-12 22:11:17.117000,L8,313.37,308.16,313.62,339.06,326.16,331.00,322.30,296.90
2018-12-19 22:17:28.292000,L8,328.24,307.10,268.76,296.11,327.16,313.63,288.95,284.39
2019-01-04 22:17:27.803000,L8,343.30,350.00,356.24,364.02,351.36,358.47,351.76,309.16
2019-01-20 22:17:24.544000,L8,324.33,277.77,264.85,278.09,232.26,306.75,279.06,275.56
2019-02-05 22:17:21.574000,L8,325.47,277.85,267.93,277.91,325.03,312.85,279.34,282.32
2019-02-14 22:11:09.519000,L8,325.41,325.24,342.41,358.12,352.56,360.21,363.99,321.56
2019-03-02 22:11:05.349000,L8,327.28,334.23,349.23,362.04,358.80,362.67,365.74,322.19
2019-03-25 22:17:09.739000,L8,329.74,308.89,270.69,310.65,331.01,311.39,290.43,286.26
2019-04-26 22:16:59.330000,L8,325.90,292.56,269.86,223.46,229.48,311.43,207.32,286.76
2019-05-12 22:17:08.680000,L8,330.12,317.13,272.31,218.69,233.96,310.79,294.32,
2019-06-22 22:11:17.033000,L8,318.50,292.81,333.13,351.89,340.28,326.98,322.58,
2019-07-08 22:11:20.766000,L8,346.40,348.71,360.18,373.24,369.39,371.42,371.21,328.94
2019-07-24 22:11:25.033000,L8,318.57,321.98,341.11,354.48,340.75,338.28,355.23,294.50
2019-08-25 22:11:35.797000,L8,316.14,324.19,343.36,354.43,339.39,354.81,355.90,296.13
2019-09-26 22:11:45.238000,L8,328.60,335.77,351.51,360.95,364.73,369.29,367.86,331.04
2019-11-04 22:17:58.697000,L8,342.45,349.48,358.79,364.64,353.76,360.81,356.22,305.24
2019-11-20 22:17:54.950000,L8,,,,,,,,278.88
2019-11-29 22:11:44.191000,L8,332.53,346.09,356.53,371.44,364.25,368.32,370.52,341.21
2019-12-22 22:17:51.823000,L8,326.80,305.67,270.35,267.25,335.27,315.24,292.36,286.59
2019-12-31 22:11:38.231000,L8,332.14,344.54,353.08,366.49,363.16,367.14,369.26,332.75
2020-01-16 22:11:35.087000,L8,,304.34,273.25,327.76,235.26,328.36,318.90,301.06
2020-02-01 22:11:29.826000,L8,323.89,317.36,342.43,357.15,353.01,359.65,365.77,318.38
2020-02-08 22:17:38.924000,L8,340.30,317.42,264.59,275.62,344.59,347.79,313.22,303.34
2020-02-24 22:17:35.189000,L8,327.68,261.28,266.90,249.36,279.25,313.93,285.41,287.33
2020-03-11 22:17:28.877000,L8,325.62,275.60,269.63,304.03,325.39,317.16,284.01,285.96
2020-03-27 22:17:20.128000,L8,326.79,299.38,263.99,223.84,233.90,309.72,292.93,286.37
2020-04-12 22:17:12.700000,L8,334.06,325.06,341.62,349.72,204.53,,,289.90
2020-04-21 22:10:57.868000,L8,314.26,316.31,328.63,324.92,331.05,330.21,317.70,289.08
2020-07-01 22:17:22.957000,L8,339.04,340.86,346.84,357.60,345.35,338.76,312.06,292.27
2020-07-10 22:11:15.773000,L8,323.18,327.97,343.14,356.38,345.77,349.40,359.02,
2020-08-02 22:17:33.048000,L8,335.31,333.24,342.38,334.21,337.94,315.64,302.39,284.46
2020-08-27 22:11:32.405000,L8,,338.75,277.28,332.19,357.45,359.49,363.90,321.31
2020-09-03 22:17:46.393000,L8,328.42,322.90,311.20,350.39,336.06,327.77,310.23,288.28
2020-09-12 22:11:38.984000,L8,320.30,323.10,339.67,354.86,347.56,354.38,326.39,303.61
2020-09-19 22:17:52.015000,L8,333.11,334.71,344.24,353.05,339.17,339.89,304.61,294.50
2020-09-28 22:11:43.377000,L8,315.29,317.80,324.65,352.38,345.78,332.41,329.01,298.56
2020-12-17 22:11:45.420000,L8,333.85,343.71,355.99,364.33,356.94,363.57,367.40,332.21
2021-01-02 22:11:41.110000,L8,307.33,199.74,260.38,181.59,229.08,311.40,,
2021-01-25 22:17:44.203000,L8,345.69,347.74,353.04,362.90,353.86,356.38,342.90,314.44
2021-02-19 22:11:27.994000,L8,327.95,333.00,350.47,364.24,356.73,364.09,366.49,323.51
2021-02-26 22:17:35.944000,L8,350.88,346.55,352.81,362.21,348.00,354.80,349.31,306.25
2021-03-23 22:11:13.381000,L8,328.52,336.49,349.35,364.56,356.11,365.15,365.03,323.68
2021-03-30 22:17:22.624000,L8,324.18,,267.53,218.45,232.82,300.54,286.84,285.29
2021-04-15 22:17:16.883000,L8,,,247.82,316.16,221.26,,,
2021-04-24 22:11:01.432000,L8,303.71,270.83,362.71,361.47,355.79,354.74,367.48,328.54
2021-05-01 22:17:07.841000,L8,329.59,271.95,269.45,225.75,232.13,312.17,302.13,
2021-05-17 22:17:12.707000,L8,332.24,281.58,271.83,305.47,241.25,323.32,304.13,
2021-05-26 22:11:07.110000,L8,319.57,318.36,330.22,279.08,241.35,325.80,323.51,
2021-06-18 22:17:27.030000,L8,335.81,278.43,273.49,322.79,232.07,315.14,304.18,
2021-07-13 22:11:19.559000,L8,322.71,325.50,341.96,354.72,343.47,331.42,328.99,299.46
2021-09-15 22:11:42.169000,L8,242.41,360.22,361.88,376.85,369.95,379.71,372.97,350.34
2021-10-01 22:11:46.773000,L8,330.01,342.84,355.27,368.62,364.04,369.15,368.72,348.59
2021-10-24 22:18:01.850000,L8,,,319.90,349.30,318.58,316.37,304.68,286.27
2021-11-09 22:17:58.951000,L8,,,,,231.55,299.15,237.17,277.63
2021-11-18 22:11:44.821000,L8,,202.90,261.19,288.53,229.73,310.31,320.24,296.92
2021-11-25 22:17:57.047000,L8,,337.88,347.32,359.93,312.87,277.95,297.69,292.90
2021-12-19 22:17:52.616000,L9,322.18,261.94,271.83,279.05,326.91,313.85,294.91,294.13
2022-01-04 22:17:52.138000,L9,,,,194.08,235.51,298.76,262.28,283.20
2022-01-21 22:11:35.958000,L8,324.64,290.32,279.51,339.14,348.23,335.04,328.41,300.86
2022-02-13 22:17:40.833000,L8,327.61,271.55,247.72,221.41,,,,255.07
2022-02-14 22:11:37.090000,L9,329.37,338.03,349.67,359.34,357.77,363.62,366.66,322.93
2022-02-21 22:17:43.336000,L9,329.08,256.97,268.90,218.69,234.88,309.47,303.67,277.01
2022-02-22 22:11:26.680000,L8,318.22,279.20,273.35,317.89,344.13,331.79,326.93,297.15
2022-03-26 22:11:11.888000,L8,318.03,315.00,315.39,344.93,341.52,327.57,324.99,299.96
2022-05-04 22:17:26.026000,L8,331.40,,,186.17,230.90,305.96,304.02,284.60
2022-05-05 22:11:07.160000,L9,323.32,230.93,,,,,,
2022-05-12 22:17:13.223000,L9,335.85,273.34,273.38,210.14,330.83,316.12,303.94,
2022-05-21 22:10:55.639000,L9,314.44,242.23,254.92,,,,,
2022-06-05 22:17:39.656000,L8,337.13,332.15,341.71,326.62,332.05,327.99,309.98,
2022-06-13 22:17:12.050000,L9,337.50,336.05,342.64,353.86,339.24,329.78,306.08,285.39
2022-06-14 22:11:35.206000,L8,318.82,258.50,268.51,314.88,219.54,238.05,322.61,
2022-06-21 22:17:48.970000,L8,340.46,342.08,345.04,356.24,342.86,327.87,209.86,
2022-07-15 22:17:24.696000,L9,339.73,341.43,344.72,356.50,341.85,324.30,307.52,292.57
2022-07-16 22:11:39.057000,L8,325.94,327.07,301.71,352.16,279.94,265.59,326.04,
2022-07-31 22:17:39.593000,L9,338.28,341.16,311.93,255.77,232.18,336.35,307.75,
2022-08-08 22:18:05.196000,L8,330.88,272.39,266.85,223.55,229.50,243.83,300.97,
2022-08-09 22:11:34.517000,L9,315.45,321.36,332.24,351.99,338.31,331.68,221.29,293.77
2022-09-09 22:18:11.619000,L8,339.57,343.97,346.46,359.38,345.98,349.16,336.00,294.05
2022-09-17 22:17:54.625000,L9,333.72,338.63,343.65,354.08,340.88,317.97,311.40,288.11
2022-10-19 22:18:03.080000,L9,347.16,354.08,359.44,370.01,356.30,361.81,355.49,306.47
2022-11-13 22:11:53.247000,L9,319.39,325.03,323.50,307.22,241.09,336.09,330.52,306.29
2022-12-22 22:17:59.519000,L9,329.01,272.53,270.27,232.37,235.60,305.39,272.88,288.21
2023-01-24 22:11:46.723000,L8,,,,,,,,282.95
2023-01-31 22:17:58.841000,L8,,,,,232.14,209.17,228.22,272.68
2023-02-09 22:11:45.094000,L8,315.29,263.00,271.36,246.72,233.68,313.73,325.44,294.36
2023-02-16 22:17:50.035000,L8,325.78,318.51,270.76,252.07,235.25,306.74,302.57,290.12
2023-03-04 22:17:37.574000,L8,327.78,317.71,273.79,273.03,234.08,310.14,302.78,286.07
2023-03-13 22:11:23.206000,L8,333.22,336.82,344.65,241.83,360.79,354.71,284.61,285.40
2023-03-21 22:11:31.242000,L9,314.17,269.13,270.29,241.73,330.71,322.09,321.49,290.30
2023-04-30 22:10:53.576000,L8,310.78,300.78,329.37,330.32,344.36,328.63,319.90,289.78
2023-05-15 22:17:12.111000,L9,328.71,263.10,269.38,185.42,225.93,298.96,275.80,
2023-05-16 22:10:40.417000,L8,318.97,266.36,270.84,246.46,222.70,311.18,322.44,275.68
2023-05-23 22:16:53.942000,L8,333.61,275.78,273.30,187.20,230.23,308.83,298.25,276.10
2023-05-24 22:10:53.254000,L9,317.44,259.97,268.14,191.61,228.44,304.61,318.42,282.01
2023-05-31 22:17:04.101000,L9,336.58,333.46,331.74,191.27,329.44,310.21,304.06,
2023-06-08 22:17:00.359000,L8,333.18,270.25,268.73,185.61,224.55,304.48,298.17,
2023-06-09 22:10:48.959000,L9,319.91,261.53,270.52,274.34,221.45,307.72,320.81,
2023-07-02 22:17:05.775000,L9,,,272.97,344.95,333.38,325.08,304.40,
2023-07-10 22:17:17.518000,L8,338.70,281.60,274.80,274.86,228.89,324.49,304.61,
2023-07-11 22:11:00.406000,L9,322.14,320.81,329.26,350.58,339.93,328.27,320.62,
2023-07-18 22:17:12.131000,L9,336.85,285.94,276.09,323.12,334.22,317.31,304.43,
2023-07-26 22:17:23.328000,L8,337.62,333.99,277.37,321.10,333.91,315.26,304.41,
2023-07-27 22:11:03.005000,L9,313.40,243.73,226.82,350.95,223.12,329.81,321.72,298.13
2023-08-03 22:17:19.817000,L9,336.08,276.96,252.14,187.83,226.82,296.29,,
2023-08-11 22:17:27.875000,L8,333.25,332.27,275.67,264.74,231.97,299.92,307.91,
2023-08-20 22:11:23.591000,L8,359.72,356.56,394.82,379.12,372.70,370.61,375.74,355.49
2023-08-28 22:11:20.303000,L9,315.59,271.27,270.30,307.16,230.13,334.82,322.14,295.19
2023-09-12 22:17:38.225000,L8,,,213.98,349.20,345.98,343.72,306.97,276.77
2023-09-13 22:11:29.496000,L9,320.07,318.82,275.56,350.61,225.59,301.23,,279.91
2023-09-20 22:17:40.026000,L9,331.00,283.97,274.28,211.89,231.67,316.51,307.62,281.09
2023-09-28 22:17:43.092000,L8,328.66,286.08,273.08,221.55,230.48,314.24,305.80,281.27
2023-09-29 22:11:26.883000,L9,313.26,268.12,272.67,288.22,225.98,326.29,323.02,294.28
2023-10-07 22:11:33.192000,L8,317.37,320.70,341.37,354.80,346.24,356.58,326.17,304.07
2023-10-14 22:17:45.774000,L8,329.44,296.11,275.80,350.06,332.16,314.96,308.38,283.83
2023-10-15 22:11:39.127000,L9,318.91,320.88,321.24,352.92,344.43,331.13,328.86,303.30
2023-10-22 22:17:50.479000,L9,329.33,317.71,274.83,351.04,335.66,316.15,303.46,289.26
2023-11-07 22:17:46.155000,L9,316.75,282.56,275.23,335.29,234.52,315.19,280.45,286.52
2023-11-15 22:17:47.856000,L8,328.95,284.69,276.26,339.07,317.97,315.63,299.67,286.27
2023-12-17 22:17:48.418000,L8,328.52,278.09,272.97,291.42,318.05,311.52,284.31,291.54
2023-12-18 22:11:45.147000,L9,321.60,259.06,274.65,304.62,241.28,327.59,323.04,308.35
2024-01-10 22:17:52.010000,L9,286.95,225.56,269.90,221.90,231.60,304.63,262.15,289.29
2024-01-11 22:11:32.492000,L8,316.04,263.66,268.80,288.21,234.93,318.62,319.00,304.50
2024-02-03 22:17:41.059000,L8,327.77,274.99,273.36,282.50,324.84,308.34,296.85,289.87
2024-02-04 22:11:43.788000,L9,311.19,255.87,267.08,212.59,237.99,313.89,289.56,261.91
2024-02-11 22:17:53.113000,L9,331.04,274.49,276.50,289.47,328.48,311.10,299.94,290.60
2024-02-12 22:11:30.284000,L8,313.60,268.21,264.50,245.71,235.81,315.51,319.24,262.72
2024-02-19 22:17:39.652000,L8,346.13,346.42,347.77,361.25,352.10,353.01,350.19,312.82
2024-03-15 22:11:14.022000,L8,475.49,502.17,460.31,359.24,353.77,361.21,368.40,332.39
2024-03-30 22:17:36.478000,L9,348.69,352.89,353.99,364.33,352.41,354.67,348.35,314.85
2024-04-08 22:11:23.266000,L9,308.65,248.74,266.48,188.04,236.54,315.93,319.00,287.79
2024-04-15 22:17:28.257000,L9,331.04,274.41,272.98,280.29,328.10,315.26,304.36,284.18
2024-04-16 22:10:55.356000,L8,,,561.07,358.20,352.66,359.54,267.56,318.72
2024-04-23 22:17:03.194000,L8,335.89,283.24,277.41,319.25,338.30,328.90,304.87,290.44
2024-05-01 22:17:11.831000,L9,334.51,282.23,275.47,195.92,327.07,310.72,301.23,
2024-05-02 22:10:44.568000,L8,315.20,265.74,270.11,275.90,315.29,323.06,250.91,296.51
2024-05-09 22:16:51.826000,L8,332.32,277.56,278.36,209.19,324.62,314.10,302.30,
2024-05-10 22:11:00.825000,L9,318.30,319.40,306.39,316.20,336.82,329.81,324.25,303.97
2024-05-17 22:17:03.987000,L9,334.99,282.73,276.17,319.21,234.99,315.46,304.46,
2024-05-18 22:10:31.990000,L8,321.44,322.71,333.96,351.87,343.70,331.66,323.56,
2024-05-26 22:10:48.268000,L9,316.16,318.93,317.49,264.63,220.77,321.86,317.18,
2024-06-26 22:16:52.651000,L8,338.22,338.11,342.49,310.47,279.56,328.93,305.48,
2024-06-27 22:10:29.087000,L9,320.34,292.54,335.42,279.77,224.43,334.61,320.91,
2024-07-05 22:10:45.435000,L8,321.15,322.34,332.41,262.66,221.85,310.61,320.49,
2024-08-05 22:17:06.640000,L9,338.92,341.82,345.05,356.74,341.97,339.71,308.53,289.37
2024-08-22 22:11:10.580000,L8,316.98,319.15,274.20,326.16,338.97,329.83,323.60,300.57
2024-08-29 22:17:21.978000,L8,336.37,337.64,344.59,355.12,342.20,332.44,314.42,288.84
2024-09-23 22:11:18.739000,L8,324.51,286.00,270.54,351.86,339.74,329.72,326.14,303.98
2024-11-01 22:17:31.195000,L8,333.22,332.32,277.24,324.85,337.86,318.07,305.68,293.11
2024-11-17 22:17:38.841000,L8,323.43,286.55,273.64,281.59,316.89,318.89,300.45,282.17
2024-11-25 22:17:51.900000,L9,328.18,283.65,267.96,,212.46,314.54,305.29,292.98
2024-12-03 22:17:45.212000,L8,322.98,278.03,270.08,275.41,233.99,314.07,270.07,297.11
2024-12-04 22:11:36.525000,L9,372.58,371.70,387.57,411.82,399.79,396.51,391.25,393.88
2024-12-28 22:11:26.745000,L8,314.58,274.00,271.10,300.43,339.73,327.41,324.36,263.39
2025-01-05 22:11:31.099000,L9,330.09,338.99,348.71,363.68,358.96,363.92,366.81,328.19
2025-01-12 22:17:45.559000,L9,331.12,289.96,273.52,289.79,333.03,318.37,304.55,292.65
2025-01-13 22:11:30.558000,L8,314.33,272.85,269.72,290.60,339.90,328.23,321.68,277.80
2025-01-28 22:17:42.532000,L9,325.37,274.72,269.26,191.51,230.76,311.81,302.12,280.52
2025-01-29 22:11:28.545000,L8,312.42,270.16,272.28,286.46,235.81,325.69,323.33,302.61
2025-02-13 22:17:46.901000,L9,329.20,290.20,277.28,299.49,327.06,317.38,303.21,294.62
2025-02-21 22:17:31.397000,L8,346.13,350.55,354.31,364.19,352.12,358.70,351.98,313.74
2025-03-01 22:17:39.455000,L9,341.98,336.22,341.85,354.67,344.72,344.47,313.41,308.85
2025-03-09 22:17:26.663000,L8,,,,,231.77,296.67,284.57,287.77
2025-03-10 22:11:28.326000,L9,306.28,207.57,268.51,283.29,338.92,330.66,323.83,310.00
2025-03-25 22:17:16.100000,L8,345.87,346.82,346.23,359.63,350.96,351.79,352.54,312.06
2025-04-11 22:11:17.724000,L9,320.51,275.77,253.44,198.73,,,,
2025-05-04 22:17:17.676000,L9,332.92,332.76,270.13,188.93,229.14,303.06,276.82,
2025-05-12 22:16:59.753000,L8,335.85,278.86,275.94,258.94,229.97,304.15,305.32,
2025-05-20 22:17:06.544000,L9,336.61,285.83,280.61,245.70,282.26,303.08,306.58,
2025-05-21 22:10:52.095000,L8,321.19,323.29,325.62,263.01,336.76,310.08,322.00,
2025-05-29 22:10:51.794000,L9,318.24,273.99,272.90,259.63,327.89,305.26,322.13,
2025-06-05 22:17:00.261000,L9,329.65,286.72,274.88,263.72,326.70,324.49,311.85,
2025-06-06 22:10:54.888000,L8,321.35,282.33,331.29,349.61,341.03,328.70,325.99,
2025-06-13 22:17:12.853000,L8,339.02,333.40,339.42,301.44,240.21,323.76,312.17,
2025-06-21 22:17:14.951000,L9,334.52,280.87,274.55,225.60,233.49,307.62,303.41,
2025-06-22 22:11:07.771000,L8,314.58,268.05,266.81,209.45,223.67,305.06,271.51,
2025-06-29 22:17:21.081000,L8,334.23,285.68,274.46,265.02,233.48,309.70,308.93,
2025-07-23 22:17:27.519000,L9,337.87,334.39,281.22,352.44,339.31,317.47,311.25,
2025-07-24 22:11:17.990000,L8,323.50,321.37,277.59,352.46,343.54,327.13,326.07,
2025-07-31 22:17:29.909000,L8,,,,214.19,229.04,314.06,303.08,
2025-08-01 22:11:18.967000,L9,316.91,277.30,270.22,250.76,232.33,311.15,279.70,
2025-08-08 22:17:36.495000,L9,339.02,332.52,285.12,326.29,239.92,309.55,313.93,
2025-08-09 22:11:25.572000,L8,320.92,317.10,271.42,252.64,231.41,304.77,273.58,
2025-08-16 22:17:38.702000,L8,246.74,224.60,268.21,214.07,301.93,337.90,260.01,
2025-08-17 22:11:30.718000,L9,312.85,284.07,270.61,339.34,307.99,299.34,201.77,294.45
2025-08-24 22:17:43.028000,L9,329.64,286.88,270.17,229.47,325.75,312.64,305.97,
2025-09-18 22:11:37.859000,L9,320.30,323.42,261.82,183.79,343.47,330.98,324.97,291.79
2025-09-25 22:17:52.465000,L9,333.73,334.98,276.29,343.12,,,,
2025-10-04 22:11:42.144000,L9,313.59,321.87,271.80,276.95,324.51,328.33,321.92,288.70
2025-11-05 22:11:46.482000,L9,319.11,278.33,274.71,267.52,327.69,326.63,325.42,303.69
